recent released titles,recent released times,recent released episodes,recent released images,recent released class
Numbers (2023),3 hours ago,EP 9,https://vvw.dramacoool.co/wp-content/uploads/2023/06/Numbers-2023.jpg,['lazy.js']
Numbers (2023),3 hours ago,EP 8,https://vvw.dramacoool.co/wp-content/uploads/2023/06/Numbers-2023.jpg,['lazy.js']
Numbers (2023),3 hours ago,EP 7,https://vvw.dramacoool.co/wp-content/uploads/2023/06/Numbers-2023.jpg,['lazy.js']
Numbers (2023),3 hours ago,EP 6,https://vvw.dramacoool.co/wp-content/uploads/2023/06/Numbers-2023.jpg,['lazy.js']
Numbers (2023),3 hours ago,EP 5,https://vvw.dramacoool.co/wp-content/uploads/2023/06/Numbers-2023.jpg,['lazy.js']
Numbers (2023),3 hours ago,EP 4,https://vvw.dramacoool.co/wp-content/uploads/2023/06/Numbers-2023.jpg,['lazy.js']
Numbers (2023),3 hours ago,EP 12,https://vvw.dramacoool.co/wp-content/uploads/2023/06/Numbers-2023.jpg,['lazy.js']
Numbers (2023),3 hours ago,EP 11,https://vvw.dramacoool.co/wp-content/uploads/2023/06/Numbers-2023.jpg,['lazy.js']
Numbers (2023),3 hours ago,EP 10,https://vvw.dramacoool.co/wp-content/uploads/2023/06/Numbers-2023.jpg,['lazy.js']
Numbers (2023),3 hours ago,EP 1,https://vvw.dramacoool.co/wp-content/uploads/2023/06/Numbers-2023.jpg,['lazy.js']
Numbers (2023),3 hours ago,EP 3,https://vvw.dramacoool.co/wp-content/uploads/2023/06/Numbers-2023.jpg,['lazy.js']
Destined With You (2023),3 hours ago,EP 7,https://vvw.dramacoool.co/wp-content/uploads/2023/08/this-relationship-is-force-majeure-1690859994.png,['lazy.js']
Destined (2023),3 hours ago,EP 30,https://vvw.dramacoool.co/wp-content/uploads/2023/06/Destined-2023.jpg,['lazy.js']
Destined (2023),3 hours ago,EP 12,https://vvw.dramacoool.co/wp-content/uploads/2023/06/Destined-2023.jpg,['lazy.js']
The Killing Vote (2023),5 hours ago,EP 7,https://vvw.dramacoool.co/wp-content/uploads/2023/08/national-death-penalty-vote-1689828984.png,['lazy.js']
A Nation of Banchan (2023),5 hours ago,EP 2,https://vvw.dramacoool.co/wp-content/uploads/2023/09/a-nation-of-banchan-2023-1695085580.jpg,['lazy.js']
Rakujitsu (2023),5 hours ago,EP 2,https://vvw.dramacoool.co/wp-content/uploads/2023/09/Rakujitsu-2023.png,['lazy.js']
Ao Haru Ride Season 1 (2023),5 hours ago,EP 1,https://vvw.dramacoool.co/wp-content/uploads/2023/09/Ao-Haru-Ride-Season-1-2023.png,['lazy.js']
Kimi ni wa Todokanai. (2023),5 hours ago,EP 1,https://vvw.dramacoool.co/wp-content/uploads/2023/09/Kimi-ni-wa-Todokanai.-2023.jpg,['lazy.js']
Adult Kids (2023),6 hours ago,EP 8,https://vvw.dramacoool.co/wp-content/uploads/2023/06/Adult-Kids-2023.png,['lazy.js']
Halation Love (2023),6 hours ago,EP 7,https://vvw.dramacoool.co/wp-content/uploads/2023/08/halation-love-1690046760.png,['lazy.js']
Living (2023),6 hours ago,EP 4,https://vvw.dramacoool.co/wp-content/uploads/2023/09/Living-2023.jpg,['lazy.js']
Be Mine SuperStar (2023),6 hours ago,EP 12,https://vvw.dramacoool.co/wp-content/uploads/2023/07/Be-Mine-SuperStar-2023.png,['lazy.js']
Doctor Detective (2023),6 hours ago,EP 9,https://vvw.dramacoool.co/wp-content/uploads/2023/08/Doctor-Detective.png,['lazy.js']
Meant To Be (2023),6 hours ago,EP 108,https://vvw.dramacoool.co/wp-content/uploads/2023/05/Meant-to-Be-2023-1.jpg,['lazy.js']
Unpredictable Family (2023),6 hours ago,EP 1,https://vvw.dramacoool.co/wp-content/uploads/2023/09/Unpredictable-Family-2023.png,['lazy.js']
Elegant Empire (2023),6 hours ago,EP 30,https://vvw.dramacoool.co/wp-content/uploads/2023/08/Elegant-Empire-2023.png,['lazy.js']
All the Way to the Sun (2023),6 hours ago,EP 36,https://vvw.dramacoool.co/wp-content/uploads/2023/08/All-the-Way-to-the-Sun-2023.png,['lazy.js']
My Lovely Boxer (2023),6 hours ago,EP 9,https://vvw.dramacoool.co/wp-content/uploads/2023/08/pure-boxer-1689578671.png,['lazy.js']
The Bride of Naga (2023),6 hours ago,EP 5,https://vvw.dramacoool.co/wp-content/uploads/2023/09/The-Bride-of-Naga-2023.png,['lazy.js']
The Brightest of Us (2023),6 hours ago,EP 37,https://vvw.dramacoool.co/wp-content/uploads/2023/08/The-Brightest-of-Us.png,['lazy.js']
Romantic (2023),6 hours ago,EP 12,https://vvw.dramacoool.co/wp-content/uploads/2023/09/Romantic-2023.png,['lazy.js']
Jiang Hu Jue Se Lu (2023),6 hours ago,EP 10,https://vvw.dramacoool.co/wp-content/uploads/2023/09/Jiang-Hu-Jue-Se-Lu-2023.png,['lazy.js']
Incomparable Beauty (2023),6 hours ago,EP 40,https://vvw.dramacoool.co/wp-content/uploads/2023/08/Wang-Ying.png,['lazy.js']
I’ve Been to Your Future (2023),6 hours ago,EP 14,https://vvw.dramacoool.co/wp-content/uploads/2023/09/Ive-Been-to-Your-Future.png,['lazy.js']
"Hello, Dong Dong En (2023)",6 hours ago,EP 10,https://vvw.dramacoool.co/wp-content/uploads/2023/09/Hello-Dong-Dong-En-2023.png,['lazy.js']
Hidden Blade (2023),2 months ago,EP 1,https://vvw.dramacoool.co/wp-content/uploads/2023/05/Hidden-Blade-2023.jpg,['lazy']
Gangnam Zombie (2023),2 months ago,EP 1,https://vvw.dramacoool.co/wp-content/uploads/2023/05/Gangnam-Zombie-2023.jpg,['lazy']
Dream (2023),3 months ago,EP 1,https://vvw.dramacoool.co/wp-content/uploads/2023/05/Dream-2023.jpg,['lazy']
My Heart Puppy (2023),3 months ago,EP 1,https://vvw.dramacoool.co/wp-content/uploads/2023/05/My-Heart-Puppy-2023.jpg,['lazy']
Phantom (2023),3 months ago,EP 1,https://vvw.dramacoool.co/wp-content/uploads/2023/05/Phantom-2023.jpg,['lazy']
My Happy Marriage (2023),3 months ago,EP 1,https://vvw.dramacoool.co/wp-content/uploads/2023/05/My-Happy-Marriage-2023.jpg,['lazy']
Moments of Love (2023),3 months ago,EP 1,https://vvw.dramacoool.co/wp-content/uploads/2023/05/Moments-of-Love-2023.jpg,['lazy']
Love and Leashes (2022),3 months ago,EP 1,https://vvw.dramacoool.co/wp-content/uploads/2023/05/Love-and-Leashes-2022.jpg,['lazy']
Kill Bok Soon (2023),3 months ago,EP 1,https://vvw.dramacoool.co/wp-content/uploads/2023/05/Kill-Bok-Soon-2023.jpg,['lazy']
Just for Meeting You (2023),3 months ago,EP 1,https://vvw.dramacoool.co/wp-content/uploads/2023/05/Just-for-Meeting-You-2023.png,['lazy']
Jung_E (2023),3 months ago,EP 1,https://vvw.dramacoool.co/wp-content/uploads/2023/05/Jung_E-2023.jpg,['lazy']
J-Hope in the Box (2023),3 months ago,EP 1,https://vvw.dramacoool.co/wp-content/uploads/2023/05/J-Hope-in-the-Box-2023.jpg,['lazy']
Hunger (2023),3 months ago,EP 1,https://vvw.dramacoool.co/wp-content/uploads/2023/05/Hunger-2023.jpg,['lazy']
Cherry Magic! Thirty Years of Virginity Can Make You a Wizard?!: The Movie (2022),3 months ago,EP 1,https://vvw.dramacoool.co/wp-content/uploads/2023/05/Cherry-Magic-Thirty-Years-of-Virginity.jpg,['lazy']
Call Me Chihiro (2023),3 months ago,EP 1,https://vvw.dramacoool.co/wp-content/uploads/2023/05/Call-Me-Chihiro-2023.jpg,['lazy']
Bogotá: City of the Lost (2023),3 months ago,EP 1,https://vvw.dramacoool.co/wp-content/uploads/2023/05/Bogota-City-of-the-Lost-2023.jpg,['lazy']
Ballerina (2023),3 months ago,EP 1,https://vvw.dramacoool.co/wp-content/uploads/2023/05/Ballerina-2023.png,['lazy']
Bakumatsu Without Honor and Humanity (2023),3 months ago,EP 1,https://vvw.dramacoool.co/wp-content/uploads/2023/05/Bakumatsu-Without-Honor-and-Humanity-2023.jpg,['lazy']
Ai Long Nhai: The Endless Love (2023),3 months ago,EP 1,https://vvw.dramacoool.co/wp-content/uploads/2023/05/Ai-Long-Nha-The-Endless-Love-2023.jpg,['lazy']
20th Century Girl (2022),3 months ago,EP 1,https://vvw.dramacoool.co/wp-content/uploads/2023/05/20th-Century-Girl-2022.jpg,['lazy']
You & Me & Me (2023),3 months ago,EP 1,https://vvw.dramacoool.co/wp-content/uploads/2023/05/You-Me-Me-2023.jpg,['lazy']
Yesterday Once More (2023),3 months ago,EP 1,https://vvw.dramacoool.co/wp-content/uploads/2023/05/Yesterday-Once-More-2023.jpg,['lazy']
When Our Love Remains As Scent (2023),3 months ago,EP 1,https://vvw.dramacoool.co/wp-content/uploads/2023/05/When-Our-Love-Remains-As-Scent-2023.jpg,['lazy']
Utsukushii Kare: Special Edit Version (2023),3 months ago,EP 0,https://vvw.dramacoool.co/wp-content/uploads/2023/05/Utsukushii-Kare-Special-Edit-Version-2023.jpg,['lazy']
Unlocked (2023),3 months ago,EP 1,https://vvw.dramacoool.co/wp-content/uploads/2023/05/Unlocked-2023.jpg,['lazy']
The Point Men (2023),3 months ago,EP 1,https://vvw.dramacoool.co/wp-content/uploads/2023/05/The-Point-Men-2023.jpg,['lazy']
Switch (2023),3 months ago,EP 1,https://vvw.dramacoool.co/wp-content/uploads/2023/05/Switch-2023.jpg,['lazy']
Soulmate (2023),3 months ago,EP 1,https://vvw.dramacoool.co/wp-content/uploads/2023/05/Soulmate-2023.jpg,['lazy']
Rebound (2023),3 months ago,EP 1,https://vvw.dramacoool.co/wp-content/uploads/2023/05/Rebound-2023.jpg,['lazy']
Project Silence (2023) Movie,3 months ago,EP 1,https://vvw.dramacoool.co/wp-content/uploads/2023/05/sailleonseu.png,['lazy']
Mom’s Diary – My Ugly Duckling (2016),19 hours ago,EP 361,https://vvw.dramacoool.co/wp-content/uploads/2023/01/My-Little-Old-Boy-2016-1.jpg,['lazy']
2 Days & 1 Night Season 4 (2019),19 hours ago,EP 192,https://vvw.dramacoool.co/wp-content/uploads/2023/02/2-Days-1-Night-Season-4-2019-1.jpg,['lazy']
Smiling Boss (2023),23 hours ago,EP 11,https://vvw.dramacoool.co/wp-content/uploads/2023/06/Smiling-Boss-2023.jpg,['lazy']
Express Delivery: Mongolia Edition (2023),1 day ago,EP 5,https://vvw.dramacoool.co/wp-content/uploads/2023/09/Express-Delivery-Mongolia-Edition-2023.jpg,['lazy']
I Live Alone (2013),1 day ago,EP 512,https://vvw.dramacoool.co/wp-content/uploads/2023/01/I-Live-Alone-2013-1.jpg,['lazy']
To Maya After You (2023),1 day ago,EP 7,https://vvw.dramacoool.co/wp-content/uploads/2023/08/To-Maya-After-You-2023-1.jpg,['lazy']
Knowing Bros (2015),1 day ago,EP 401,https://vvw.dramacoool.co/wp-content/uploads/2023/01/Knowing-Bros-2015-1.jpg,['lazy']
After Signal (2023),1 day ago,EP 3,https://vvw.dramacoool.co/wp-content/uploads/2023/09/After-Signal.png,['lazy']
Hangout with Yoo (2019),1 day ago,EP 202,https://vvw.dramacoool.co/wp-content/uploads/2023/05/Hangout-with-Yoo-2019-1.jpg,['lazy']
Exo’s Ladder Season 4 (2023),1 day ago,EP 12,https://vvw.dramacoool.co/wp-content/uploads/2023/08/Exos-Ladder-Season-4-2023.jpg,['lazy']
Omniscient Interfering View (2018),1 day ago,EP 264,https://vvw.dramacoool.co/wp-content/uploads/2023/01/Omniscient-Interfering-View-2018-2.jpg,['lazy']
King of Mask Singer (2015),1 day ago,EP 421,https://vvw.dramacoool.co/wp-content/uploads/2023/01/King-of-Mask-Singer-2015-1.jpg,['lazy']
Amazing Saturday (2018),2 days ago,EP 281,https://vvw.dramacoool.co/wp-content/uploads/2023/01/Amazing-Saturday-2018-1.jpg,['lazy']
Running Man,2 days ago,EP 672,https://vvw.dramacoool.co/wp-content/uploads/2023/01/Running-Man-2010-1.jpg,['lazy']
Heart Signal (CN) Season 6 (2023),3 days ago,EP 21,https://vvw.dramacoool.co/wp-content/uploads/2023/08/Heart-Signal-CN-Season-6.jpg,['lazy']
Amazing Saturday (2018),3 days ago,EP 280,https://vvw.dramacoool.co/wp-content/uploads/2023/01/Amazing-Saturday-2018-1.jpg,['lazy']
The Return of Superman (2013),4 days ago,EP 503,https://vvw.dramacoool.co/wp-content/uploads/2023/05/The-Return-of-Superman-2013.jpg,['lazy']
Weekly Idol (2011),4 days ago,EP 630,https://vvw.dramacoool.co/wp-content/uploads/2023/01/Weekly-Idol-2011-1.jpg,['lazy']
KCSI: Smoking Gun (2023),4 days ago,EP 24,https://vvw.dramacoool.co/wp-content/uploads/2023/06/KCS-Smoking-Gun-2023.jpg,['lazy']
Heart Signal (CN) Season 6 (2023),5 days ago,EP 20,https://vvw.dramacoool.co/wp-content/uploads/2023/08/Heart-Signal-CN-Season-6.jpg,['lazy']
Adventure by Accident Season 2 (2023),6 days ago,EP 11,https://vvw.dramacoool.co/wp-content/uploads/2023/06/Adventure-by-Accident-Season-2-2023.jpg,['lazy']
Is She the Wolf? (2023),6 days ago,EP 12,https://vvw.dramacoool.co/wp-content/uploads/2023/06/Is-She-the-Wolf-2023.jpg,['lazy']
King of Mask Singer (2015),1 week ago,EP 420,https://vvw.dramacoool.co/wp-content/uploads/2023/01/King-of-Mask-Singer-2015-1.jpg,['lazy']
Mom’s Diary – My Ugly Duckling (2016),1 week ago,EP 360,https://vvw.dramacoool.co/wp-content/uploads/2023/01/My-Little-Old-Boy-2016-1.jpg,['lazy']
2 Days & 1 Night Season 4 (2019),1 week ago,EP 191,https://vvw.dramacoool.co/wp-content/uploads/2023/02/2-Days-1-Night-Season-4-2019-1.jpg,['lazy']
Omniscient Interfering View (2018),1 week ago,EP 262,https://vvw.dramacoool.co/wp-content/uploads/2023/01/Omniscient-Interfering-View-2018-2.jpg,['lazy']
Running Man,1 week ago,EP 671,https://vvw.dramacoool.co/wp-content/uploads/2023/01/Running-Man-2010-1.jpg,['lazy']
King of Mask Singer (2015),1 week ago,EP 419,https://vvw.dramacoool.co/wp-content/uploads/2023/01/King-of-Mask-Singer-2015-1.jpg,['lazy']
Omniscient Interfering View (2018),1 week ago,EP 263,https://vvw.dramacoool.co/wp-content/uploads/2023/01/Omniscient-Interfering-View-2018-2.jpg,['lazy']
Knowing Bros (2015),1 week ago,EP 400,https://vvw.dramacoool.co/wp-content/uploads/2023/01/Knowing-Bros-2015-1.jpg,['lazy']
To Maya After You (2023),1 week ago,EP 6,https://vvw.dramacoool.co/wp-content/uploads/2023/08/To-Maya-After-You-2023-1.jpg,['lazy']
Hangout with Yoo (2019),1 week ago,EP 201,https://vvw.dramacoool.co/wp-content/uploads/2023/05/Hangout-with-Yoo-2019-1.jpg,['lazy']
Amazing Saturday (2018),1 week ago,EP 279,https://vvw.dramacoool.co/wp-content/uploads/2023/01/Amazing-Saturday-2018-1.jpg,['lazy']
I Live Alone (2013),1 week ago,EP 511,https://vvw.dramacoool.co/wp-content/uploads/2023/01/I-Live-Alone-2013-1.jpg,['lazy']
Convenience Store Restaurant (2019),1 week ago,EP 191,https://vvw.dramacoool.co/wp-content/uploads/2023/04/Convenience-Store-Restaurant-2019-1.jpg,['lazy']
KCSI: Smoking Gun (2023),1 week ago,EP 23,https://vvw.dramacoool.co/wp-content/uploads/2023/06/KCS-Smoking-Gun-2023.jpg,['lazy']
